{"inputUnits":[12],"outputUnits":4,"inputs":{"0":{"dtype":"number","min":0.5009429920780405,"max":60.3651232087404},"1":{"dtype":"number","min":0.04741000561169708,"max":57.84029152500576},"2":{"dtype":"number","min":3.6605067813575993,"max":154.2514684399068},"3":{"dtype":"number","min":23.534941878588093,"max":173.63638343555834},"4":{"dtype":"number","min":3.712629808639244,"max":179.3531236602713},"5":{"dtype":"number","min":13.59854926117995,"max":179.40432489741374},"6":{"dtype":"number","min":2.3854444208964356,"max":179.13506273127882},"7":{"dtype":"number","min":3.741458206283368,"max":179.00734337616356},"8":{"dtype":"number","min":11.491314604446112,"max":171.59477372832075},"9":{"dtype":"number","min":5.841336636924363,"max":160.88021692369315},"10":{"dtype":"number","min":107.69376988978067,"max":179.96593845685783},"11":{"dtype":"number","min":101.65821167639126,"max":179.9930711138748}},"outputs":{"0":{"dtype":"string","min":0,"max":1,"uniqueValues":["Messi","Bale","Ronaldo","Beckham"],"legend":{"Messi":[1,0,0,0],"Bale":[0,1,0,0],"Ronaldo":[0,0,1,0],"Beckham":[0,0,0,1]}}},"isNormalized":true}